{
    "name": "parsley",
    "title": "Javascript forms validation. Powerful, UX aware & Dead simple.",
    "description": "Never write a single javascript line anymore to validate your forms FrontEnd. Parsley will do that for you,and do it right, thanks to its powerful DOM-API !",
    "keywords": [
        "parsley",
        "parsleyjs",
        "forms",
        "form",
        "validation",
        "validate"
    ],
    "version": "1.1.15",
    "author": {
        "name": "Guillaume Potier",
        "email": "guillaume@wisembly.com",
        "url": "http://guillaumepotier.com"
    },
    "licenses": [
        {
            "type": "MIT",
            "url": "http://www.opensource.org/licenses/MIT"
        }
    ],
    "bugs": "https://github.com/guillaumepotier/Parsley.js/issues",
    "homepage": "http://parsleyjs.org",
    "docs": "http://parsleyjs.org/documentation.html",
    "download": "https://github.com/guillaumepotier/Parsley.js/",
    "dependencies": {
        "jquery": ">=1.7"
    }
}